event_id,Date
9107354,2015-02-10
9107349,2015-04-08
9107377,2015-01-06
9107369,2015-04-11
9107366,2015-12-05
9107373,2015-03-26
9107372,2015-01-03
9107877,2014-12-10
9107879,2015-02-24
9107870,2014-12-18
9107871,2015-04-02
9107873,2014-12-04
9107874,2014-12-23
9107875,2014-12-06
9107868,2014-12-14
9107869,2014-12-02
9107861,2014-11-25
9107865,2015-01-29
9107899,2015-01-17
9107895,2015-01-06
9107896,2015-01-14
9107898,2015-01-31
9107891,2015-03-24
9107892,2015-02-08
9107893,2015-01-03
9107894,2015-02-11
9107889,2014-12-31
9107882,2014-12-28
9107881,2014-12-13
9107890,2015-02-06
9107085,2015-03-03
9107908,2015-04-11
9107907,2015-03-11
9107909,2015-03-13
9107903,2015-03-07
9107905,2015-03-09
9107906,2015-02-05
9107900,2015-02-26
9107902,2015-01-25
9107014,2015-03-05
9107919,2015-03-11
9107918,2015-03-01
9107916,2015-03-26
9107917,2015-04-01
9107914,2015-02-21
9107915,2015-03-30
9107912,2015-04-09
9107913,2015-03-28
9107910,2015-02-08
9107911,2015-03-25
9107921,2015-03-15
9107923,2015-03-17
9107924,2015-03-19
9107925,2015-04-13
9107920,2015-04-04
9107934,2014-11-20
9107935,2014-11-22
9107932,2014-11-18
9107938,2014-11-29
9107936,2014-11-27
9107059,2015-02-03
9107942,2014-11-27
9107948,2014-12-09
9107947,2014-12-07
9107949,2014-12-10
9107944,2014-12-07
9107953,2015-03-08
9107952,2014-12-18
9107958,2015-01-04
9107957,2015-04-16
9107956,2014-12-27
9107954,2014-12-20
9107041,2015-04-16
9107033,2015-04-03
9107036,2015-04-08
9107963,2014-12-22
9107966,2015-01-18
9107968,2015-01-22
9107967,2015-03-31
9107031,2015-03-31
9107971,2015-03-05
9107974,2015-02-04
9107979,2015-02-12
9107978,2015-01-22
9107977,2015-02-08
9107194,2015-03-12
9107196,2015-03-25
9107990,2015-03-01
9107991,2015-03-08
9107993,2015-03-17
9107995,2015-03-21
9107996,2015-03-24
9107997,2015-03-03
9107998,2015-03-31
9107999,2015-04-04
9107981,2015-02-21
9107982,2015-04-14
9107980,2015-01-24
9107983,2015-01-29
9107984,2015-02-22
9107987,2015-02-28
9107113,2015-01-24
9107115,2015-03-21
9107108,2015-01-08
9107138,2015-04-02
9107132,2015-03-15
9107161,2015-03-22
9107155,2015-04-05
9107146,2015-03-01
9107181,2015-04-14
9107731,2015-01-20
9107733,2014-12-03
9107734,2015-01-23
9107735,2014-12-07
9107737,2014-11-23
9107738,2015-03-08
9107721,2015-01-07
9107722,2014-11-27
9107720,2014-11-22
9107725,2015-02-12
9107726,2014-11-29
9107723,2015-02-01
9107729,2014-11-30
9107710,2015-01-15
9107719,2015-02-26
9107714,2015-03-12
9107715,2015-04-05
9107707,2015-03-10
9107705,2015-03-25
9107703,2014-12-06
9107688,2015-01-03
9107689,2015-03-27
9107684,2014-11-30
9107698,2015-02-05
9107694,2014-12-14
9107664,2015-04-02
9107668,2015-04-09
9107680,2015-03-29
9107673,2015-02-21
9107678,2015-01-25
9107647,2015-02-22
9107659,2014-12-24
9107657,2015-04-12
9107653,2015-02-10
9107651,2015-04-16
9107650,2015-02-08
9107625,2014-12-20
9107628,2014-12-11
9107622,2015-04-10
9107834,2015-03-13
9107830,2015-04-13
9107828,2015-04-10
9107822,2015-04-07
9107821,2015-04-04
9107858,2014-11-23
9107852,2015-03-29
9107845,2015-04-14
9107810,2015-03-09
9107811,2015-03-26
9107814,2015-03-22
9107816,2015-03-27
9107815,2015-04-05
9107817,2015-04-16
9107819,2015-03-30
9107801,2015-02-28
9107807,2015-03-07
9107805,2015-03-04
9107782,2015-03-22
9107784,2015-01-22
9107786,2015-01-25
9107795,2015-02-21
9107792,2015-03-17
9107798,2015-02-26
9107740,2015-03-31
9107742,2014-12-13
9107741,2014-11-16
9107747,2014-12-24
9107749,2014-12-27
9107751,2014-12-31
9107752,2014-12-06
9107758,2015-01-19
9107757,2014-12-10
9107763,2015-03-28
9107768,2015-03-04
9107776,2015-02-05
9107778,2015-02-07
9108007,2015-04-04
9108005,2015-04-02
9108006,2015-04-12
9108003,2015-03-22
9108004,2015-04-10
9108002,2015-04-08
9107493,2015-01-21
9107492,2014-12-23
9107490,2015-02-01
9107489,2014-12-15
9107486,2014-12-18
9107485,2015-03-29
9107472,2015-03-02
9107470,2014-11-22
9107462,2014-12-25
9107467,2015-01-01
9107481,2014-11-29
9107473,2015-03-15
9107418,2015-03-07
9107415,2015-03-05
9107446,2015-01-17
9107449,2015-04-12
9107450,2015-04-12
9107456,2015-02-05
9108117,2014-11-13
9108927,2015-04-12
9108928,2015-04-14
9108930,2015-04-16
9107460,2015-03-26
9107421,2015-03-18
9107425,2015-04-16
9107439,2015-03-11
9107438,2015-01-19
9107615,2015-03-07
9107610,2015-03-05
9107612,2015-03-20
9107603,2015-01-18
9107607,2015-02-22
9107591,2015-02-21
9107505,2015-04-05
9107508,2014-12-21
9107509,2015-04-05
9107512,2015-01-07
9107515,2015-04-04
9107514,2015-01-18
9107519,2015-03-28
9107518,2014-12-29
9107525,2015-03-13
9107527,2015-03-08
9107535,2015-03-21
9107530,2015-01-29
9107542,2015-01-26
9107559,2015-03-08
9107553,2015-03-04
9107555,2015-03-25
9107569,2015-03-15
9107565,2015-03-01
9107567,2015-04-08
9107562,2015-03-26
9107564,2015-03-28
9107576,2015-01-15
9107577,2015-01-25
9107574,2015-03-27
9107582,2015-02-26
9107580,2015-01-17
9107480,2015-02-07
9106871,2015-01-27
9107585,2015-01-30
9106886,2015-03-15
9106846,2014-12-31
9107501,2014-11-27
9107766,2015-01-25
9107499,2015-03-08
9107804,2015-02-11
9107118,2015-03-21
9107412,2015-02-28
9107330,2015-03-29
9107122,2015-03-19
9107329,2014-11-15
9107352,2014-12-17
9107358,2014-12-21
9107383,2015-01-10
9107727,2015-04-09
9107496,2015-01-24
9107477,2015-01-26
9107941,2014-11-30
9107764,2015-01-24
9107128,2015-03-14
9106973,2014-12-17
9107123,2015-04-16
9107667,2015-03-22
9107452,2015-01-10
9107728,2015-03-19
9107992,2015-02-10
9107474,2014-12-07
9106796,2015-03-17
9106972,2015-03-18
9106974,2015-03-20
9106979,2015-04-03
9106976,2015-03-29
9106985,2015-04-10
9106983,2015-04-05
9106989,2015-04-16
9106987,2015-04-13
9106953,2015-01-31
9106955,2015-02-03
9106958,2015-02-06
9106959,2015-02-08
9106950,2015-01-29
9106966,2015-03-04
9106968,2015-03-08
9106963,2015-02-27
9106961,2015-02-12
9106939,2015-01-08
9106935,2015-01-01
9106937,2015-01-04
9106931,2014-12-24
9106933,2014-12-28
9106947,2015-01-25
9106944,2015-01-24
9106943,2015-01-22
9106910,2014-11-20
9106914,2014-11-25
9106919,2014-12-10
9106918,2014-12-03
9106917,2014-11-30
9106922,2014-12-16
9106923,2014-12-18
9106926,2014-12-20
9106929,2014-12-21
9106891,2015-04-10
9107094,2015-04-05
9107075,2015-04-09
9107759,2015-01-19
9107989,2015-02-07
9107010,2015-02-07
9107671,2014-12-04
9107169,2015-02-07
9107876,2014-12-28
9107888,2015-01-25
9107744,2014-12-27
9107237,2014-12-07
9107762,2015-01-22
9107988,2015-02-05
9107502,2014-12-20
9107213,2014-11-16
9107800,2015-02-08
9107808,2015-03-15
9107791,2015-01-30
9107788,2015-01-27
9107794,2015-02-01
9107743,2014-11-18
9107754,2014-12-31
9107760,2014-12-13
9107767,2014-12-23
9107866,2014-12-06
9107463,2014-11-20
9107951,2014-12-11
9107310,2015-01-11
9107313,2014-12-30
9107312,2015-04-16
9107306,2015-04-11
9107308,2015-02-22
9107300,2014-12-23
9107302,2014-11-27
9107303,2015-04-02
9107297,2015-03-22
9107299,2015-02-09
9107289,2015-03-18
9107286,2015-01-16
9107294,2014-12-07
9107280,2014-12-19
9107281,2015-04-12
9107284,2014-11-25
9107267,2015-02-07
9107264,2015-01-04
9107270,2015-02-24
9107272,2015-03-28
9107259,2014-11-29
9107256,2015-02-26
9107260,2014-12-04
9107263,2014-12-19
9107262,2015-03-05
9107248,2015-01-19
9107246,2015-01-18
9107242,2015-03-07
9107239,2014-12-14
9107231,2015-02-05
9107233,2015-03-02
9107236,2015-01-29
9107241,2015-03-20
9107226,2015-02-28
9107227,2015-01-01
9107098,2015-03-25
9107566,2015-02-08
9107570,2015-02-01
9107579,2015-02-07
9107599,2015-02-12
9107618,2015-04-01
9107534,2015-01-15
9107159,2015-02-12
9107950,2015-02-12
9107389,2014-12-01
9107986,2015-02-25
9107180,2015-04-16
9107769,2015-01-29
9107406,2015-02-12
9107848,2014-11-19
9107516,2015-03-07
9108183,2014-11-13
9107946,2014-12-06
9107100,2014-12-23
9107072,2014-12-06
9107135,2015-04-03
9106855,2015-01-15
9106857,2015-01-19
9106864,2015-01-28
9106878,2015-03-05
9106870,2015-04-03
9106889,2015-03-19
9106888,2015-03-15
9106885,2015-03-12
9106813,2015-03-22
9106827,2015-01-22
9106821,2015-03-21
9106836,2014-12-23
9106838,2015-01-24
9106849,2015-01-08
9106847,2015-01-03
9107765,2014-12-20
9107933,2014-11-20
9107208,2014-12-21
9106912,2014-11-23
9107215,2015-02-28
9107266,2014-12-21
9107221,2014-11-21
9107601,2015-04-11
9110506,2015-04-02
9110507,2015-04-09
9107193,2015-02-08
9107319,2015-01-23
9107402,2015-02-28
9107414,2015-03-31
9107411,2015-02-06
9107394,2015-04-05
9107353,2015-03-29
9107356,2015-03-14
9107360,2015-03-25
9107348,2015-03-06
9107379,2014-11-29
9107364,2015-03-12
9107702,2014-11-09
9106842,2014-12-27
9107021,2014-11-28
9107441,2014-11-29
9107047,2014-12-13
9107037,2014-12-04
9107023,2014-11-30
9107091,2015-04-03
9106837,2014-12-21
9107748,2014-11-23
9107129,2015-01-25
9106907,2014-11-18
9107013,2014-11-08
9107056,2015-01-03
9106952,2014-11-20
9107929,2014-11-08
9107025,2015-03-20
9107455,2014-11-18
9107972,2015-02-01
9107255,2014-12-17
9106832,2015-01-06
9106841,2014-12-28
9107420,2014-12-16
9107038,2014-12-06
9106866,2015-01-19
9106884,2015-03-10
9107487,2014-12-11
9107495,2014-12-18
9107142,2015-02-23
9107362,2014-12-27
9107183,2015-04-11
9107184,2015-04-08
9107166,2015-03-14
9107863,2014-11-30
9106940,2015-01-20
9106817,2014-12-03
9107739,2014-12-11
9107583,2014-11-15
9107253,2014-11-20
9107771,2015-01-31
9107717,2014-11-19
9107465,2015-02-10
9106875,2015-03-07
9107082,2015-03-22
9107568,2014-12-27
9107867,2014-12-11
9106876,2015-02-20
9108001,2015-03-17
9107506,2015-04-09
9107511,2014-12-27
9107547,2014-12-14
9107440,2015-03-05
9107457,2014-11-13
9107557,2014-12-24
9107436,2015-01-04
9107097,2014-12-19
9107140,2015-02-22
9106852,2015-01-10
9107090,2014-12-11
9106981,2014-12-24
9106964,2014-12-06
9107162,2014-12-10
9107970,2015-01-28
9106850,2015-01-04
9106824,2014-12-04
9106844,2014-12-31
9107152,2015-03-19
9107252,2014-12-14
9107560,2015-03-14
9107407,2015-02-24
9107732,2015-03-07
9108012,2015-04-12
9107099,2014-12-23
9108010,2015-04-01
9107084,2015-03-25
9108009,2015-03-21
9108184,2014-11-29
9107131,2015-02-11
9108082,2014-12-05
9107163,2015-03-10
9107164,2015-03-19
9107153,2015-03-01
9107955,2014-12-13
9107761,2014-12-17
9107171,2015-03-24
9107167,2015-03-21
9107537,2015-04-11
9107428,2015-04-12
9107217,2014-11-19
9107064,2014-12-27
9106890,2015-03-24
9107104,2015-03-17
9107219,2015-04-04
9107203,2015-02-04
9107206,2015-03-02
9107298,2015-01-22
9107288,2015-02-06
9107296,2015-03-19
9107293,2015-01-18
9107291,2015-01-17
9107276,2015-02-09
9107275,2014-12-27
9107278,2014-12-28
9107269,2015-04-14
9107257,2015-01-08
9107249,2014-12-12
9107244,2015-04-06
9107232,2014-12-03
9107235,2014-12-06
9107240,2014-12-09
9107229,2015-02-26
9107225,2014-12-01
9107311,2015-03-25
9107314,2015-04-08
9107305,2015-03-17
9107307,2015-03-21
9107309,2015-03-22
9107301,2015-02-21
9107336,2015-02-05
9107334,2015-03-28
9107327,2015-01-22
9107320,2015-01-25
9107399,2015-02-03
9107388,2015-01-27
9107385,2015-03-08
9107391,2015-03-15
9107019,2015-03-08
9106820,2014-12-05
9107959,2014-12-15
9107605,2014-12-21
9107006,2015-01-31
9107001,2015-01-18
9107533,2014-11-23
9107862,2014-11-27
9107922,2015-04-08
9107081,2014-12-11
9107885,2015-01-18
9106825,2014-12-11
9107022,2015-03-10
9107106,2014-12-31
9107145,2014-11-15
9107039,2015-04-10
9107774,2015-02-01
9107120,2015-02-08
9107575,2014-11-27
9106872,2015-02-05
9107522,2014-12-31
9107179,2014-12-24
9107969,2015-01-06
9107168,2014-12-22
9107884,2015-01-15
9107883,2015-01-08
9107282,2015-01-12
9107753,2015-01-08
9107112,2015-01-08
9106999,2015-01-15
9107109,2015-01-04
9107107,2015-01-02
9107973,2015-01-08
9107317,2015-01-04
9107211,2015-01-10
9107478,2014-11-26
9107287,2015-01-14
9107528,2015-01-04
9107531,2015-01-08
9107937,2015-01-11
9107178,2015-04-12
9107976,2015-02-07
9107556,2015-03-10
9107173,2015-03-29
9107864,2014-12-04
9107187,2014-11-27
9108008,2015-03-18
9107396,2015-01-31
9107147,2014-11-24
9107175,2015-04-04
9107706,2015-01-10
9107573,2014-12-31
9107886,2015-01-19
9107170,2014-11-29
9107134,2015-02-21
9107149,2015-01-17
9106807,2015-02-21
9107459,2014-12-03
9106830,2014-12-19
9108013,2015-04-14
9108116,2015-03-22
9107878,2014-12-30
9107860,2014-11-25
9106861,2015-01-26
9106882,2015-03-05
9106967,2014-12-09
9106835,2014-12-18
9106843,2014-12-30
9107020,2014-11-23
9107111,2015-01-06
9107017,2015-03-07
9107101,2014-12-26
9107102,2014-12-29
9107797,2015-04-04
9107055,2014-11-16
9107943,2014-12-03
9107561,2015-01-03
9107381,2015-02-23
9107549,2015-02-24
9107160,2015-03-06
9107095,2015-04-14
9107985,2015-02-01
9106960,2014-12-04
9107398,2014-12-29
9107114,2015-01-11
9107117,2015-01-13
9106997,2015-01-13
9106867,2015-02-01
9107897,2015-02-22
9107887,2015-01-22
9106904,2014-11-16
9107417,2015-01-20
9107137,2015-02-13
9107427,2015-02-04
9107962,2015-01-11
9107578,2014-11-20
9107133,2014-12-12
9107061,2014-11-22
9107709,2014-11-19
9106811,2014-11-22
9107346,2014-12-14
9107125,2015-01-23
9107614,2014-11-10
9107466,2014-12-11
9106802,2015-03-08
9107571,2015-03-22
9107337,2014-11-12
9106840,2014-12-26
9107189,2015-01-10
9107119,2015-01-15
9107186,2015-01-03
9107174,2015-03-05
9107524,2015-04-09
9107746,2014-11-22
9107177,2015-01-01
9107029,2015-03-27
9107940,2015-01-02
9107755,2015-01-11
9107961,2015-01-10
9107964,2015-01-15
9107965,2015-01-04
9107775,2015-01-11
9107772,2015-01-06
9107088,2015-04-01
9106853,2015-01-06
9106868,2015-01-23
9106863,2015-01-17
9106814,2014-11-11
9106833,2014-12-16
9107127,2014-12-27
9107855,2014-11-18
9106879,2015-02-22
9106874,2015-02-12
9107325,2014-11-13
9106829,2014-12-09
9107390,2015-01-29
9107154,2014-11-17
9107051,2014-12-20
9107049,2014-12-18
9107345,2014-11-07
9106858,2015-01-10
9107093,2014-12-13
9107410,2015-02-26
9107676,2014-11-26
9107092,2015-04-12
9106990,2015-01-06
9106860,2015-01-11
9107498,2014-12-13
9106816,2014-11-16
9107408,2014-12-27
9107011,2015-03-03
9107040,2015-04-13
9107028,2015-03-23
9107736,2014-11-14
9107339,2014-12-10
9107504,2014-12-29
9107136,2015-02-20
9107745,2014-12-16
9107156,2015-02-25
9107158,2014-11-08
9107342,2014-12-13
9107150,2015-03-11
9107143,2015-02-25
9107172,2015-02-03
9107367,2014-12-31
9107165,2015-01-27
9107712,2014-11-12
9107069,2014-11-27
9106880,2015-02-24
9107606,2014-11-08
9107904,2015-01-27
9107901,2015-03-04
9107105,2014-12-31
9107008,2015-02-03
9107157,2015-03-04
9107780,2015-01-18
9107370,2015-01-15
9107096,2014-12-21
9107700,2015-03-16
9107704,2015-03-30
9107701,2015-03-20
9107616,2015-03-10
9107619,2014-11-13
9107602,2015-02-03
9107609,2015-03-26
9107590,2015-01-20
9107595,2015-03-01
9107691,2015-02-24
9107687,2015-04-05
9107682,2015-01-31
9107685,2015-02-07
9107386,2014-12-18
9107696,2015-03-14
9107292,2014-11-15
9107670,2015-02-11
9107660,2015-01-22
9107663,2015-03-28
9107666,2015-01-24
9107681,2015-01-29
9107674,2015-01-25
9107677,2015-04-15
9107649,2015-01-14
9107643,2015-01-03
9107645,2015-01-05
9107641,2015-03-23
9107640,2014-12-24
9107053,2014-12-31
9107656,2015-03-12
9107654,2015-01-17
9107624,2014-11-15
9107626,2014-11-27
9107637,2014-12-13
9107581,2014-11-23
9107635,2014-12-10
9107639,2014-12-16
9107633,2014-12-03
9107631,2014-12-01
9107124,2014-11-22
9107994,2015-02-26
9107483,2015-02-26
9107148,2015-02-26
9107304,2014-11-07
9107713,2014-11-15
9107469,2014-11-09
9106803,2014-11-08
9107376,2015-02-12
9107074,2014-11-11
9107071,2014-11-09
9106826,2014-12-07
9107930,2014-11-09
9107176,2014-12-15
9107018,2014-11-18
9106970,2014-12-13
9107050,2014-11-12
9108066,2014-11-23
9107350,2014-11-10
9107182,2014-11-10
9106949,2014-11-17
9107840,2014-11-06
9106915,2014-11-15
9107448,2014-12-20
9107544,2015-02-01
9107422,2015-02-26
9107837,2014-12-06
9107839,2014-11-22
9107833,2015-01-22
9107835,2015-03-20
9107831,2015-01-17
9106992,2015-01-08
9107829,2015-01-31
9107826,2015-01-08
9107827,2015-04-13
9107825,2015-04-16
9107823,2014-12-14
9107820,2015-03-30
9107857,2015-02-28
9107859,2015-04-08
9107851,2015-03-03
9107854,2015-03-07
9107846,2014-12-02
9107844,2015-03-13
9107849,2015-01-24
9107841,2014-11-25
9106810,2014-11-16
9107812,2015-01-11
9107813,2015-02-21
9107818,2015-03-27
9107803,2015-03-18
9107802,2015-01-29
9107806,2015-02-10
9106916,2014-11-27
9106806,2014-11-12
9107494,2015-01-17
9107491,2015-01-14
9107488,2015-01-10
9107497,2015-01-28
9107471,2014-12-11
9107464,2014-11-29
9107468,2014-12-09
9107476,2014-12-16
9107475,2014-12-14
9107479,2014-12-24
9107790,2015-03-11
9107503,2015-02-01
9107507,2015-02-05
9107781,2014-11-27
9107783,2015-03-14
9107785,2014-12-20
9107787,2015-02-08
9107513,2015-02-10
9107510,2015-02-07
9107517,2015-02-22
9107793,2015-01-06
9107799,2015-02-04
9107796,2014-11-30
9107523,2015-03-01
9107529,2015-03-07
9107526,2015-03-05
9107532,2015-03-10
9107539,2015-03-14
9107536,2015-03-12
9107548,2015-04-03
9107447,2014-11-09
9107541,2015-03-16
9107543,2015-03-21
9107545,2015-03-23
9107458,2014-11-20
9107454,2014-11-15
9107552,2015-04-12
9107550,2015-04-05
9107554,2015-04-15
9107461,2014-11-23
9107374,2015-01-06
9107777,2014-11-20
9107773,2015-03-08
9107770,2015-01-14
9107779,2014-12-16
9108011,2015-04-08
9107880,2015-01-03
9106819,2014-11-18
9107103,2014-12-28
9107144,2015-02-24
9107079,2014-12-08
9107083,2014-12-03
9107842,2014-11-08
9107016,2014-11-15
9107538,2014-11-06
9106901,2014-11-11
9106808,2014-12-05
9107453,2014-11-08
9106795,2014-11-15
9106794,2014-11-13
9106792,2014-11-11
9107126,2015-02-10
9107089,2014-12-13
9106854,2015-01-27
9106851,2015-01-24
9106869,2015-02-08
9106862,2015-02-01
9106877,2015-02-22
9106887,2015-03-17
9106881,2015-03-01
9106956,2014-11-30
9106834,2015-01-05
9106839,2015-01-09
9106913,2015-04-16
9106902,2015-04-05
9106905,2015-04-08
9106909,2015-04-10
9107209,2014-11-06
9107340,2014-11-22
9107015,2014-11-13
9107393,2014-11-18
9107939,2014-11-23
9107756,2014-12-07
9107563,2015-01-04
9106893,2015-03-23
9106892,2015-03-19
9106896,2015-04-01
9106895,2015-03-27
9106894,2015-03-25
9107975,2015-02-21
9107730,2014-11-12
9106991,2015-02-23
9106993,2015-02-28
9106995,2015-03-09
9106998,2015-03-11
9107199,2014-11-21
9107853,2014-11-08
9106971,2015-04-04
9106984,2014-12-28
9106988,2015-02-21
9106986,2014-12-30
9106957,2015-03-01
9106951,2015-04-16
9106822,2014-12-02
9106936,2015-04-11
9106945,2015-04-02
9106927,2015-02-11
9106903,2015-04-06
9106809,2014-11-14
9107216,2014-12-24
9107212,2014-12-20
9107587,2014-11-08
9107597,2014-11-06
9107207,2014-12-14
9107335,2014-12-03
9107321,2014-11-06
9107403,2015-02-08
9107693,2015-02-27
9107007,2015-03-23
9107005,2015-03-20
9107003,2015-03-16
9107662,2014-11-06
9107268,2015-03-11
9107355,2014-12-13
9107058,2015-01-06
9107945,2014-12-04
9107054,2014-11-14
9107046,2014-12-07
9107433,2015-04-01
9107220,2014-12-28
9107838,2014-11-06
9106859,2015-01-29
9106994,2015-01-10
9106856,2015-01-08
9106996,2015-04-13
9107195,2014-11-09
9107197,2014-11-13
9107198,2014-11-16
9106865,2015-02-04
9107856,2014-11-22
9107711,2014-11-09
9107850,2014-11-06
9107066,2015-01-31
9107067,2014-11-25
9107073,2015-03-05
9107076,2015-03-11
9107070,2015-03-01
9106975,2015-01-14
9106873,2015-02-21
9106977,2014-12-21
9106978,2015-01-16
9107077,2015-03-13
9107078,2014-11-16
9107087,2014-12-07
9107086,2015-03-29
9106982,2015-01-30
9106980,2015-01-28
9107080,2015-03-16
9106883,2015-03-08
9106818,2014-12-17
9106954,2014-12-20
9106812,2014-12-08
9106965,2015-01-10
9106969,2015-01-12
9106828,2014-12-25
9106823,2014-12-20
9106962,2015-01-05
9107613,2014-12-09
9106938,2014-12-01
9107617,2014-12-13
9106932,2015-01-03
9106831,2015-01-03
9106934,2014-11-29
9106930,2014-11-27
9107611,2014-12-06
9107604,2014-11-25
9106948,2014-12-10
9106946,2014-11-09
9107608,2014-11-29
9106942,2014-11-08
9106941,2014-12-08
9106845,2015-01-10
9107600,2014-11-22
9106848,2015-01-19
9106911,2014-11-10
9106920,2014-11-17
9106921,2014-12-24
9106925,2014-11-24
9106928,2014-11-06
9106801,2014-11-23
9106908,2014-12-29
9107592,2014-11-12
9107214,2014-12-21
9107589,2014-11-08
9107210,2014-12-18
9107588,2014-11-10
9107218,2014-12-25
9107484,2014-12-31
9107202,2014-11-26
9107594,2014-11-14
9107596,2014-11-16
9107204,2014-12-04
9107598,2014-11-20
9107200,2014-11-23
9107338,2014-11-30
9107333,2014-11-26
9107332,2014-11-26
9107331,2014-11-22
9107482,2014-12-30
9107328,2014-11-20
9107324,2014-11-13
9107326,2014-11-16
9107322,2014-11-16
9107409,2015-02-25
9107405,2015-02-21
9107500,2015-01-30
9107404,2015-01-11
9107690,2015-03-25
9107397,2015-02-08
9107400,2015-02-10
9107692,2015-03-27
9107789,2014-11-08
9107686,2015-03-22
9107110,2015-01-17
9107683,2015-03-18
9107116,2015-01-28
9107012,2014-11-06
9107419,2015-03-12
9107416,2015-03-07
9107387,2015-01-22
9107413,2015-03-01
9107699,2015-04-16
9107697,2015-04-04
9107695,2015-03-30
9107395,2015-02-03
9107392,2015-02-01
9107295,2015-04-13
9107002,2015-01-27
9107000,2015-03-13
9107290,2015-04-11
9107277,2015-03-29
9107279,2015-04-01
9107520,2015-02-28
9107661,2015-02-09
9107139,2015-02-23
9107665,2015-02-12
9107927,2014-11-06
9107669,2015-02-28
9107283,2015-04-07
9107285,2015-04-10
9107265,2015-03-09
9107130,2015-02-12
9107672,2015-03-05
9107675,2015-03-13
9107121,2015-01-18
9107679,2015-03-15
9107273,2015-03-18
9107274,2015-03-20
9107271,2015-03-17
9107357,2014-12-14
9107062,2015-01-15
9107540,2015-01-24
9107258,2015-03-05
9107065,2015-01-17
9107254,2015-03-03
9107060,2015-01-13
9107546,2015-03-29
9107261,2015-03-08
9107646,2014-12-28
9107648,2015-01-29
9107642,2015-01-18
9107644,2015-01-26
9107361,2014-12-17
9107344,2014-12-04
9107341,2014-12-02
9107558,2015-03-12
9107347,2014-12-06
9107451,2014-11-11
9107151,2015-02-28
9107247,2015-02-22
9107551,2015-02-28
9107052,2014-12-26
9107245,2014-11-09
9107243,2015-02-10
9107750,2015-02-28
9107251,2015-03-01
9107250,2015-02-24
9107048,2014-11-10
9107658,2015-02-07
9107655,2015-02-05
9107652,2015-02-03
9107351,2014-12-09
9107378,2015-01-14
9107185,2015-03-08
9107375,2015-01-10
9107423,2015-03-14
9107424,2014-12-31
9107426,2015-03-16
9107429,2015-03-25
9107234,2015-01-28
9107238,2015-01-31
9107034,2015-02-26
9107960,2015-03-26
9107627,2014-12-21
9107035,2015-02-28
9107382,2015-01-09
9107384,2015-01-19
9107620,2014-12-16
9107623,2014-12-18
9107380,2015-01-17
9107431,2015-03-27
9107432,2015-03-29
9106797,2014-11-16
9107228,2015-01-21
9106899,2015-01-26
9107430,2015-01-25
9107368,2014-12-28
9107365,2014-12-23
9107435,2015-04-12
9107363,2014-12-21
9107434,2015-04-03
9107222,2014-12-30
9107032,2015-02-12
9107224,2015-01-04
9107030,2015-03-29
9107638,2015-01-17
9107024,2015-02-01
9107636,2015-01-15
9107230,2015-01-24
9107027,2015-02-07
9107026,2015-02-05
9107630,2015-01-09
9107371,2015-01-08
9107634,2015-01-13
9107632,2015-01-11
9106804,2014-12-01
9106805,2014-12-03
9107872,2014-12-21
9106799,2014-11-06
9106815,2014-12-15
